{
    "providers": [
        {
            "type": "bitmap",
            "file": "minecraft:custom/blood_bar_10.png",
            "ascent": -16,
            "height": 9,
            "chars": ["\uE000"]
        },
        {
            "type": "bitmap",
            "file": "minecraft:custom/blood_bar_9.png",
            "ascent": -16,
            "height": 9,
            "chars": ["\uE001"]
        },
        {
            "type": "bitmap",
            "file": "minecraft:custom/blood_bar_8.png",
            "ascent": -16,
            "height": 9,
            "chars": ["\uE002"]
        },
        {
            "type": "bitmap",
            "file": "minecraft:custom/blood_bar_7.png",
            "ascent": -16,
            "height": 9,
            "chars": ["\uE003"]
        },
        {
            "type": "bitmap",
            "file": "minecraft:custom/blood_bar_6.png",
            "ascent": -16,
            "height": 9,
            "chars": ["\uE004"]
        },
        {
            "type": "bitmap",
            "file": "minecraft:custom/blood_bar_5.png",
            "ascent": -16,
            "height": 9,
            "chars": ["\uE005"]
        },
        {
            "type": "bitmap",
            "file": "minecraft:custom/blood_bar_4.png",
            "ascent": -16,
            "height": 9,
            "chars": ["\uE006"]
        },
        {
            "type": "bitmap",
            "file": "minecraft:custom/blood_bar_3.png",
            "ascent": -16,
            "height": 9,
            "chars": ["\uE007"]
        },
        {
            "type": "bitmap",
            "file": "minecraft:custom/blood_bar_2.png",
            "ascent": -16,
            "height": 9,
            "chars": ["\uE008"]
        },
        {
            "type": "bitmap",
            "file": "minecraft:custom/blood_bar_1.png",
            "ascent": -16,
            "height": 9,
            "chars": ["\uE009"]
        },
        {
            "type": "bitmap",
            "file": "minecraft:custom/blood_bar_0.png",
            "ascent": -16,
            "height": 9,
            "chars": ["\uE010"]
        },
        {
            "type": "bitmap",
            "file": "minecraft:custom/blood_bar_11.png",
            "ascent": -16,
            "height": 9,
            "chars": ["\uE011"]
        }
    ]
}

