{
	"credit": "Made with Blockbench",
	"texture_size": [32, 32],
	"textures": {
		"2": "item/ghost"
	},
	"elements": [
		{
			"from": [4, 4, 4],
			"to": [12, 10, 12],
			"faces": {
				"north": {"uv": [0, 8, 4, 11], "texture": "#2"},
				"east": {"uv": [8, 0, 12, 3], "texture": "#2"},
				"south": {"uv": [8, 3, 12, 6], "texture": "#2"},
				"west": {"uv": [4, 8, 8, 11], "texture": "#2"},
				"up": {"uv": [8, 4, 4, 0], "texture": "#2"},
				"down": {"uv": [8, 4, 4, 8], "texture": "#2"}
			}
		},
		{
			"from": [4, 0, 4],
			"to": [12, 4, 12],
			"faces": {
				"north": {"uv": [8, 6, 12, 8], "texture": "#2"},
				"east": {"uv": [8, 8, 12, 10], "texture": "#2"},
				"south": {"uv": [8, 10, 12, 12], "texture": "#2"},
				"west": {"uv": [0, 11, 4, 13], "texture": "#2"},
				"up": {"uv": [4, 4, 0, 0], "texture": "#2"},
				"down": {"uv": [4, 4, 0, 8], "texture": "#2"}
			}
		}
	],
	"display": {}
}