{
	"credit": "Made with Blockbench",
	"texture_size": [32, 32],
	"textures": {
		"1": "item/frost_scythe"
	},
	"elements": [
		{
			"from": [8.5, 13.5, 6.5],
			"to": [11.5, 16.5, 9.5],
			"rotation": {"angle": -45, "axis": "z", "origin": [10, 15, 8]},
			"faces": {
				"north": {"uv": [6.5, 2, 8, 3.5], "texture": "#1"},
				"east": {"uv": [6.5, 3.5, 8, 5], "texture": "#1"},
				"south": {"uv": [6.5, 5, 8, 6.5], "texture": "#1"},
				"west": {"uv": [6.5, 6.5, 8, 8], "texture": "#1"},
				"up": {"uv": [1.5, 8.5, 0, 7], "texture": "#1"},
				"down": {"uv": [3, 7, 1.5, 8.5], "texture": "#1"}
			}
		},
		{
			"from": [10.5, 14, 7.5],
			"to": [13.5, 16, 8.499],
			"rotation": {"angle": 22.5, "axis": "z", "origin": [10, 15, 8]},
			"faces": {
				"north": {"uv": [8, 4, 9.5, 5], "texture": "#1"},
				"east": {"uv": [4.5, 10, 5, 11], "texture": "#1"},
				"south": {"uv": [8, 5, 9.5, 6], "texture": "#1"},
				"west": {"uv": [2.5, 10.5, 3, 11.5], "texture": "#1"},
				"up": {"uv": [12, 5.5, 10.5, 5], "texture": "#1"},
				"down": {"uv": [12, 5.5, 10.5, 6], "texture": "#1"}
			}
		},
		{
			"from": [9.5, 12, 8.01],
			"to": [15.5, 18, 8.01],
			"rotation": {"angle": 22.5, "axis": "z", "origin": [10, 15, 8]},
			"faces": {
				"north": {"uv": [0, 0, 3, 3], "texture": "#1"},
				"east": {"uv": [0, 0, 0, 3], "texture": "#1"},
				"south": {"uv": [0, 3, 3, 6], "texture": "#1"},
				"west": {"uv": [0, 0, 0, 3], "texture": "#1"},
				"up": {"uv": [3, 0, 0, 0], "texture": "#1"},
				"down": {"uv": [3, 0, 0, 0], "texture": "#1"}
			}
		},
		{
			"from": [9.5, 14, 7.49],
			"to": [12.5, 16, 8.5],
			"rotation": {"angle": -22.5, "axis": "z", "origin": [10, 15, 8]},
			"faces": {
				"north": {"uv": [8, 4, 9.5, 5], "texture": "#1"},
				"east": {"uv": [4.5, 10, 5, 11], "texture": "#1"},
				"south": {"uv": [8, 5, 9.5, 6], "texture": "#1"},
				"west": {"uv": [2.5, 10.5, 3, 11.5], "texture": "#1"},
				"up": {"uv": [12, 5.5, 10.5, 5], "texture": "#1"},
				"down": {"uv": [12, 5.5, 10.5, 6], "texture": "#1"}
			}
		},
		{
			"from": [8.5, 12, 8],
			"to": [14.5, 18, 8],
			"rotation": {"angle": -22.5, "axis": "z", "origin": [10, 15, 8]},
			"faces": {
				"north": {"uv": [0, 0, 3, 3], "texture": "#1"},
				"east": {"uv": [0, 0, 0, 3], "texture": "#1"},
				"south": {"uv": [0, 3, 3, 6], "texture": "#1"},
				"west": {"uv": [0, 0, 0, 3], "texture": "#1"},
				"up": {"uv": [3, 0, 0, 0], "texture": "#1"},
				"down": {"uv": [3, 0, 0, 0], "texture": "#1"}
			}
		},
		{
			"from": [4.5, 14, 7],
			"to": [9.5, 16, 9],
			"rotation": {"angle": -22.5, "axis": "z", "origin": [10, 15, 8]},
			"faces": {
				"north": {"uv": [3, 0, 5.5, 1], "texture": "#1"},
				"east": {"uv": [9.5, 5, 10.5, 6], "texture": "#1"},
				"south": {"uv": [3, 1, 5.5, 2], "texture": "#1"},
				"west": {"uv": [6.5, 9.5, 7.5, 10.5], "texture": "#1"},
				"up": {"uv": [5.5, 3, 3, 2], "texture": "#1"},
				"down": {"uv": [5.5, 3, 3, 4], "texture": "#1"}
			}
		},
		{
			"from": [1.5, 8.75, 7.5],
			"to": [3, 12.75, 8.5],
			"rotation": {"angle": -22.5, "axis": "z", "origin": [10, 15, 8]},
			"faces": {
				"north": {"uv": [5.5, 7, 6.5, 9], "texture": "#1"},
				"east": {"uv": [2.5, 8.5, 3, 10.5], "texture": "#1"},
				"south": {"uv": [8, 0, 9, 2], "texture": "#1"},
				"west": {"uv": [7.5, 9.5, 8, 11.5], "texture": "#1"},
				"up": {"uv": [7.5, 11, 6.5, 10.5], "texture": "#1"},
				"down": {"uv": [11.5, 7.5, 10.5, 8], "texture": "#1"}
			}
		},
		{
			"from": [1.75, 17.5, 7.25],
			"to": [6.75, 19.5, 8.75],
			"rotation": {"angle": 22.5, "axis": "z", "origin": [10, 15, 8]},
			"faces": {
				"north": {"uv": [3, 4, 5.5, 5], "texture": "#1"},
				"east": {"uv": [8, 9.5, 9, 10.5], "texture": "#1"},
				"south": {"uv": [3, 5, 5.5, 6], "texture": "#1"},
				"west": {"uv": [9.5, 8.5, 10.5, 9.5], "texture": "#1"},
				"up": {"uv": [8, 1, 5.5, 0], "texture": "#1"},
				"down": {"uv": [8, 1, 5.5, 2], "texture": "#1"}
			}
		},
		{
			"from": [2.75, 5.25, 8],
			"to": [4.25, 10.25, 8],
			"rotation": {"angle": -45, "axis": "z", "origin": [11.25, 12.5, 8]},
			"faces": {
				"north": {"uv": [5.5, 2, 6.5, 4.5], "texture": "#1"},
				"east": {"uv": [0, 0, 0, 2.5], "texture": "#1"},
				"south": {"uv": [5.5, 4.5, 6.5, 7], "texture": "#1"},
				"west": {"uv": [0, 0, 0, 2.5], "texture": "#1"},
				"up": {"uv": [1, 0, 0, 0], "texture": "#1"},
				"down": {"uv": [1, 0, 0, 0], "texture": "#1"}
			}
		},
		{
			"from": [3, 14.5, 7.75],
			"to": [8, 16.75, 8.25],
			"rotation": {"angle": 0, "axis": "y", "origin": [11.25, 12.5, 8]},
			"faces": {
				"north": {"uv": [0, 6, 2.5, 7], "texture": "#1"},
				"east": {"uv": [5, 10.5, 5.5, 11.5], "texture": "#1"},
				"south": {"uv": [2.5, 6, 5, 7], "texture": "#1"},
				"west": {"uv": [8, 10.5, 8.5, 11.5], "texture": "#1"},
				"up": {"uv": [10.5, 8, 8, 7.5], "texture": "#1"},
				"down": {"uv": [11, 8, 8.5, 8.5], "texture": "#1"}
			}
		},
		{
			"from": [5.75, 11, 7.6],
			"to": [10, 12.5, 8.4],
			"rotation": {"angle": -45, "axis": "z", "origin": [11.25, 12.5, 8]},
			"faces": {
				"north": {"uv": [8, 2, 10, 3], "texture": "#1"},
				"east": {"uv": [8.5, 10.5, 9, 11.5], "texture": "#1"},
				"south": {"uv": [8, 3, 10, 4], "texture": "#1"},
				"west": {"uv": [10.5, 8.5, 11, 9.5], "texture": "#1"},
				"up": {"uv": [11, 7.5, 9, 7], "texture": "#1"},
				"down": {"uv": [11, 9.5, 9, 10], "texture": "#1"}
			}
		},
		{
			"from": [7.5, 0, 7.5],
			"to": [8.5, 9, 8.5],
			"rotation": {"angle": 0, "axis": "y", "origin": [8, 1, 8]},
			"faces": {
				"north": {"uv": [5, 6, 5.5, 10.5], "texture": "#1"},
				"east": {"uv": [3, 7, 3.5, 11.5], "texture": "#1"},
				"south": {"uv": [3.5, 7, 4, 11.5], "texture": "#1"},
				"west": {"uv": [4, 7, 4.5, 11.5], "texture": "#1"},
				"up": {"uv": [11.5, 2, 11, 1.5], "texture": "#1"},
				"down": {"uv": [11.5, 2, 11, 2.5], "texture": "#1"}
			}
		},
		{
			"from": [4.25, 9.25, 7.25],
			"to": [5.75, 12.25, 8.75],
			"rotation": {"angle": -22.5, "axis": "z", "origin": [8, 1, 8]},
			"faces": {
				"north": {"uv": [8, 6, 9, 7.5], "texture": "#1"},
				"east": {"uv": [6.5, 8, 7.5, 9.5], "texture": "#1"},
				"south": {"uv": [7.5, 8, 8.5, 9.5], "texture": "#1"},
				"west": {"uv": [0, 8.5, 1, 10], "texture": "#1"},
				"up": {"uv": [1, 11, 0, 10], "texture": "#1"},
				"down": {"uv": [11, 0, 10, 1], "texture": "#1"}
			}
		},
		{
			"from": [4.5, 8.25, 7.5],
			"to": [5.5, 14.25, 8.5],
			"rotation": {"angle": -22.5, "axis": "z", "origin": [8, 1, 8]},
			"faces": {
				"north": {"uv": [4.5, 7, 5, 10], "texture": "#1"},
				"east": {"uv": [1, 8.5, 1.5, 11.5], "texture": "#1"},
				"south": {"uv": [1.5, 8.5, 2, 11.5], "texture": "#1"},
				"west": {"uv": [2, 8.5, 2.5, 11.5], "texture": "#1"},
				"up": {"uv": [11.5, 3, 11, 2.5], "texture": "#1"},
				"down": {"uv": [11.5, 3, 11, 3.5], "texture": "#1"}
			}
		},
		{
			"from": [7.25, 6, 7.25],
			"to": [8.75, 7, 8.75],
			"rotation": {"angle": 0, "axis": "y", "origin": [8, 1, 8]},
			"faces": {
				"north": {"uv": [0, 11, 1, 11.5], "texture": "#1"},
				"east": {"uv": [11, 0, 12, 0.5], "texture": "#1"},
				"south": {"uv": [11, 0.5, 12, 1], "texture": "#1"},
				"west": {"uv": [11, 1, 12, 1.5], "texture": "#1"},
				"up": {"uv": [11, 2, 10, 1], "texture": "#1"},
				"down": {"uv": [11, 2, 10, 3], "texture": "#1"}
			}
		},
		{
			"from": [7.25, 3, 7.25],
			"to": [8.75, 5, 8.75],
			"rotation": {"angle": 0, "axis": "y", "origin": [8, 1, 8]},
			"faces": {
				"north": {"uv": [10, 3, 11, 4], "texture": "#1"},
				"east": {"uv": [5.5, 10, 6.5, 11], "texture": "#1"},
				"south": {"uv": [10, 6, 11, 7], "texture": "#1"},
				"west": {"uv": [9, 10, 10, 11], "texture": "#1"},
				"up": {"uv": [11, 11, 10, 10], "texture": "#1"},
				"down": {"uv": [11.5, 4, 10.5, 5], "texture": "#1"}
			}
		},
		{
			"from": [7.5, -0.5, 7],
			"to": [9.5, 1.5, 9],
			"rotation": {"angle": -45, "axis": "z", "origin": [8, 1, 8]},
			"faces": {
				"north": {"uv": [8.5, 8.5, 9.5, 9.5], "rotation": 270, "texture": "#1"},
				"east": {"uv": [10, 7, 9, 6], "rotation": 90, "texture": "#1"},
				"south": {"uv": [9, 1, 10, 2], "rotation": 90, "texture": "#1"},
				"west": {"uv": [10.5, 4, 9.5, 5], "rotation": 90, "texture": "#1"},
				"up": {"uv": [5.5, 9, 6.5, 10], "rotation": 90, "texture": "#1"},
				"down": {"uv": [9, 0, 10, 1], "rotation": 90, "texture": "#1"}
			}
		}
	],
	"gui_light": "front",
	"display": {
		"thirdperson_righthand": {
			"rotation": [10, -90, 0],
			"translation": [0, 5, 3],
			"scale": [1.5, 1.5, 1.5]
		},
		"thirdperson_lefthand": {
			"rotation": [10, 90, 0],
			"translation": [0, 5, 3],
			"scale": [1.5, 1.5, 1.5]
		},
		"firstperson_righthand": {
			"rotation": [-15, -90, 0],
			"translation": [0.25, 1, 1],
			"scale": [1.5, 1.5, 1.5]
		},
		"firstperson_lefthand": {
			"rotation": [-15, 90, 0],
			"translation": [0.25, 1, 1],
			"scale": [1.5, 1.5, 1.5]
		},
		"ground": {
			"rotation": [66.81, -18.95, 1.07],
			"translation": [0, 3, 0],
			"scale": [1.5, 1.5, 1.5]
		},
		"gui": {
			"rotation": [-34.8, 33.19, -35.69],
			"translation": [-1.25, -1.75, 0],
			"scale": [0.99, 0.99, 0.99]
		},
		"fixed": {
			"rotation": [0, 0, -45],
			"translation": [-1.25, -2, 0],
			"scale": [0.85, 0.85, 0.85]
		}
	}
}