{
	"credit": "Made with Blockbench",
	"textures": {
		"1": "item/ghost_plant",
		"2": "item/ghost",
		"particle": "item/ghost_plant"
	},
	"elements": [
		{
			"from": [4, 4, 4],
			"to": [12, 10, 12],
			"faces": {
				"north": {"uv": [0, 8, 4, 11], "texture": "#2"},
				"east": {"uv": [8, 0, 12, 3], "texture": "#2"},
				"south": {"uv": [8, 3, 12, 6], "texture": "#2"},
				"west": {"uv": [4, 8, 8, 11], "texture": "#2"},
				"up": {"uv": [8, 4, 4, 0], "texture": "#2"},
				"down": {"uv": [8, 4, 4, 8], "texture": "#2"}
			}
		},
		{
			"from": [4, 0, 4],
			"to": [12, 4, 12],
			"faces": {
				"north": {"uv": [8, 6, 12, 8], "texture": "#2"},
				"east": {"uv": [8, 8, 12, 10], "texture": "#2"},
				"south": {"uv": [8, 10, 12, 12], "texture": "#2"},
				"west": {"uv": [0, 11, 4, 13], "texture": "#2"},
				"up": {"uv": [4, 4, 0, 0], "texture": "#2"},
				"down": {"uv": [4, 4, 0, 8], "texture": "#2"}
			}
		},
		{
			"from": [6, 5, 6],
			"to": [10, 9, 10],
			"faces": {
				"north": {"uv": [0, 0, 4, 4], "texture": "#1"},
				"east": {"uv": [0, 4, 4, 8], "texture": "#1"},
				"south": {"uv": [4, 0, 8, 4], "texture": "#1"},
				"west": {"uv": [4, 4, 8, 8], "texture": "#1"},
				"up": {"uv": [4, 12, 0, 8], "texture": "#1"},
				"down": {"uv": [12, 0, 8, 4], "texture": "#1"}
			}
		},
		{
			"from": [4, 13, 6.5],
			"to": [8, 13, 9.5],
			"rotation": {"angle": 0, "axis": "y", "origin": [8, 13, 8]},
			"faces": {
				"north": {"uv": [0, 0, 4, 0], "texture": "#1"},
				"east": {"uv": [0, 0, 3, 0], "texture": "#1"},
				"south": {"uv": [0, 0, 4, 0], "texture": "#1"},
				"west": {"uv": [0, 0, 3, 0], "texture": "#1"},
				"up": {"uv": [8, 11, 4, 8], "texture": "#1"},
				"down": {"uv": [12, 4, 8, 7], "texture": "#1"}
			}
		},
		{
			"from": [6.5, 13.005, 8],
			"to": [9.5, 13.005, 12],
			"rotation": {"angle": 45, "axis": "y", "origin": [8, 13, 8]},
			"faces": {
				"north": {"uv": [0, 0, 3, 0], "texture": "#1"},
				"east": {"uv": [0, 0, 4, 0], "texture": "#1"},
				"south": {"uv": [0, 0, 3, 0], "texture": "#1"},
				"west": {"uv": [0, 0, 4, 0], "texture": "#1"},
				"up": {"uv": [8, 11, 4, 8], "rotation": 270, "texture": "#1"},
				"down": {"uv": [12, 4, 8, 7], "rotation": 90, "texture": "#1"}
			}
		},
		{
			"from": [6.5, 13.01, 4],
			"to": [9.5, 13.01, 8],
			"rotation": {"angle": -45, "axis": "y", "origin": [8, 13, 8]},
			"faces": {
				"north": {"uv": [0, 0, 3, 0], "texture": "#1"},
				"east": {"uv": [0, 0, 4, 0], "texture": "#1"},
				"south": {"uv": [0, 0, 3, 0], "texture": "#1"},
				"west": {"uv": [0, 0, 4, 0], "texture": "#1"},
				"up": {"uv": [8, 11, 4, 8], "rotation": 90, "texture": "#1"},
				"down": {"uv": [12, 4, 8, 7], "rotation": 270, "texture": "#1"}
			}
		},
		{
			"from": [7.75, 9, 7.75],
			"to": [8.25, 13, 8.25],
			"faces": {
				"north": {"uv": [8, 7, 9, 11], "texture": "#1"},
				"east": {"uv": [9, 7, 10, 11], "texture": "#1"},
				"south": {"uv": [10, 7, 11, 11], "texture": "#1"},
				"west": {"uv": [4, 11, 5, 15], "texture": "#1"},
				"up": {"uv": [6, 12, 5, 11], "texture": "#1"},
				"down": {"uv": [7, 11, 6, 12], "texture": "#1"}
			}
		}
	]
}