{
	"credit": "Made with Blockbench",
	"texture_size": [64, 64],
	"textures": {
		"2": "item/icicle"
	},
	"elements": [
		{
			"from": [4, 0, 4],
			"to": [12, 12, 12],
			"faces": {
				"north": {"uv": [0, 0, 2, 3], "texture": "#2"},
				"east": {"uv": [2, 0, 4, 3], "texture": "#2"},
				"south": {"uv": [0, 3, 2, 6], "texture": "#2"},
				"west": {"uv": [2, 3, 4, 6], "texture": "#2"},
				"up": {"uv": [6, 2, 4, 0], "texture": "#2"},
				"down": {"uv": [6, 2, 4, 4], "texture": "#2"}
			}
		},
		{
			"from": [5, 12, 5],
			"to": [11, 22, 11],
			"faces": {
				"north": {"uv": [4, 4, 5.5, 6.5], "texture": "#2"},
				"east": {"uv": [5.5, 4, 7, 6.5], "texture": "#2"},
				"south": {"uv": [0, 6, 1.5, 8.5], "texture": "#2"},
				"west": {"uv": [6, 0, 7.5, 2.5], "texture": "#2"},
				"up": {"uv": [7.5, 4, 6, 2.5], "texture": "#2"},
				"down": {"uv": [7, 6.5, 5.5, 8], "texture": "#2"}
			}
		},
		{
			"from": [6, 22, 6],
			"to": [10, 32, 10],
			"faces": {
				"north": {"uv": [1.5, 6, 2.5, 8.5], "texture": "#2"},
				"east": {"uv": [2.5, 6, 3.5, 8.5], "texture": "#2"},
				"south": {"uv": [3.5, 6.5, 4.5, 9], "texture": "#2"},
				"west": {"uv": [4.5, 6.5, 5.5, 9], "texture": "#2"},
				"up": {"uv": [8, 5, 7, 4], "texture": "#2"},
				"down": {"uv": [8, 5, 7, 6], "texture": "#2"}
			}
		}
	]
}