{
	"credit": "Made with Blockbench",
	"textures": {
		"0": "item/reaper_incantation",
		"particle": "item/reaper_incantation"
	},
	"elements": [
		{
			"from": [-8, 0, -8],
			"to": [24, 0, 24],
			"faces": {
				"north": {"uv": [0, 0, 32, 0], "texture": "#missing"},
				"east": {"uv": [0, 0, 32, 0], "texture": "#missing"},
				"south": {"uv": [0, 0, 32, 0], "texture": "#missing"},
				"west": {"uv": [0, 0, 32, 0], "texture": "#missing"},
				"up": {"uv": [4, 12, 0, 8], "texture": "#0"},
				"down": {"uv": [4, 16, 0, 12], "texture": "#0"}
			}
		}
	]
}